<?xml version="1.0" encoding="UTF-8"?>
<beans xmlns="http://www.springframework.org/schema/beans"
	xmlns:xsi="http://www.w3.org/2001/XMLSchema-instance"
	xmlns:p="http://www.springframework.org/schema/p"
	xmlns:util="http://www.springframework.org/schema/util"
	xsi:schemaLocation="http://www.springframework.org/schema/beans http://www.springframework.org/schema/beans/spring-beans-4.1.xsd
		http://www.springframework.org/schema/util http://www.springframework.org/schema/util/spring-util-4.1.xsd">

	<bean id="add" class="com.cg.springframework.add.Address">
		<constructor-arg value="CapGemini IT1/IT2" />
		<constructor-arg value="TTC industrial estate" />
		<constructor-arg value="Paris" />
		<constructor-arg value="France" />
		<constructor-arg value="Europe" />
		<constructor-arg value="21896" />
	</bean>

	<util:properties id="proxyServer"
		location="classpath:proxyServer.properties"/>


		<bean id="org"
			class="com.cg.springframework.organization.Organization"
			p:name="Capgemini" p:address-ref="add" p:marketValue="110.70"
			p:established="1967/12/19" p:proxyServerList-ref="proxyServer"
			p:employeeCount="1000000">

			<property name="globalPresence">
				<set>
					<value>"Paris"</value>
					<value>Mumbai</value>
					<value>Pune</value>
					<value>Banglore</value>
				</set>
			</property>

			<property name="boardMembers">
				<list>
					<value>DR</value>
					<value>PR</value>
					<value>PK</value>
					<value>KW</value>
				</list>
			</property>

			<property name="projectManagers">
				<map>
					<entry key="Project1" value="manager1" />
					<entry key="Project2" value="manager2" />
					<entry key="Project3" value="manager3" />
					<entry key="Project4" value="manager4" />
				</map>
			</property>



		</bean>

</beans>
