<?xml version="1.0" encoding="UTF-8"?>
<beans xmlns="http://www.springframework.org/schema/beans"
	xmlns:xsi="http://www.w3.org/2001/XMLSchema-instance"
	xmlns:p="http://www.springframework.org/schema/p"
	xsi:schemaLocation="http://www.springframework.org/schema/beans http://www.springframework.org/schema/beans/spring-beans-4.1.xsd">

	<bean id="provider" class="com.cg.provider.GMMessageProvider"></bean>

	<bean id="renderer" class="com.cg.renderer.PDFMessageRenderer" >
	<!-- <constructor-arg ref="provider" /> -->
	<!-- p:messageProvider-ref="provider"> -->
		<!-- <property name ="messageProvider" ref="provider"/> -->
	<!-- 	<property name ="namespace" value="500"/> -->
	</bean>
	
	<bean id="org" class="com.cg.company.Organization" scope="singleton" lazy-init="true">
	
	
	</bean>

</beans>


