<?xml version="1.0" encoding="UTF-8"?>
<beans xmlns="http://www.springframework.org/schema/beans"
	xmlns:xsi="http://www.w3.org/2001/XMLSchema-instance"
	xsi:schemaLocation="http://www.springframework.org/schema/beans http://www.springframework.org/schema/beans/spring-beans-4.1.xsd">
	
	<bean id="dao" class="com.cg.empmgmt.dao.EmployeeDAO"></bean>
	
	<bean id="service" class="com.cg.empmgmt.service.ServiceLayer">
		<property name ="employeeDAO" ref="dao"/>
	</bean>
	
	<bean id="controller" class="com.cg.empmgmt.controller.ControllerLayer">
		<property name ="employeeService" ref="service"/>
	</bean>

</beans>
